{"mean":{"confidence_interval":{"confidence_level":0.95,"lower_bound":75386039.78333335,"upper_bound":75400208.83333334},"point_estimate":75392547.99999999,"standard_error":3654.448842110508},"median":{"confidence_interval":{"confidence_level":0.95,"lower_bound":75382233.33333333,"upper_bound":75390816.66666667},"point_estimate":75387941.66666666,"standard_error":2303.106668816697},"median_abs_dev":{"confidence_interval":{"confidence_level":0.95,"lower_bound":12675.92089994686,"upper_bound":19422.059655189514},"point_estimate":16432.14970827471,"standard_error":1671.2044531723236},"slope":null,"std_dev":{"confidence_interval":{"confidence_level":0.95,"lower_bound":20341.01560563644,"upper_bound":50553.498050040274},"point_estimate":37056.51599318662,"standard_error":7766.92326405856}}