{"mean":{"confidence_interval":{"confidence_level":0.95,"lower_bound":-0.678125831596762,"upper_bound":-0.6774861550945334},"point_estimate":-0.6778142734788806,"standard_error":0.00016329750491942508},"median":{"confidence_interval":{"confidence_level":0.95,"lower_bound":-0.6780796600831839,"upper_bound":-0.6775264797417093},"point_estimate":-0.6778499407663495,"standard_error":0.0001429598965768488}}