{"mean":{"confidence_interval":{"confidence_level":0.95,"lower_bound":11286997.34455,"upper_bound":11295847.175750002},"point_estimate":11291199.797999997,"standard_error":2258.2663182968095},"median":{"confidence_interval":{"confidence_level":0.95,"lower_bound":11281619.0,"upper_bound":11289188.8},"point_estimate":11286361.6,"standard_error":2093.7196877098368},"median_abs_dev":{"confidence_interval":{"confidence_level":0.95,"lower_bound":11485.405476093016,"upper_bound":20480.48777639921},"point_estimate":16011.931455730564,"standard_error":2402.5611738138523},"slope":null,"std_dev":{"confidence_interval":{"confidence_level":0.95,"lower_bound":16696.412032400607,"upper_bound":28646.778564120392},"point_estimate":22596.2724613568,"standard_error":3100.834289066543}}