{"mean":{"confidence_interval":{"confidence_level":0.95,"lower_bound":-0.08761680631508731,"upper_bound":-0.05566329940961661},"point_estimate":-0.07123906840065641,"standard_error":0.008182423143640117},"median":{"confidence_interval":{"confidence_level":0.95,"lower_bound":-0.04976548540501724,"upper_bound":-0.02755449629027774},"point_estimate":-0.03959729544719559,"standard_error":0.006398051283788637}}