{"mean":{"confidence_interval":{"confidence_level":0.95,"lower_bound":-0.0008626103313286891,"upper_bound":0.0011749433286906803},"point_estimate":0.00017472098043991302,"standard_error":0.0005187440578482658},"median":{"confidence_interval":{"confidence_level":0.95,"lower_bound":-0.001718961793478857,"upper_bound":0.00018474219977782091},"point_estimate":-0.0009514706805685558,"standard_error":0.0004809376907229057}}