{"mean":{"confidence_interval":{"confidence_level":0.95,"lower_bound":0.012811000314022143,"upper_bound":0.023880018301970046},"point_estimate":0.01789704073048659,"standard_error":0.0027619842715727616},"median":{"confidence_interval":{"confidence_level":0.95,"lower_bound":0.0053648691489884826,"upper_bound":0.009366638725301746},"point_estimate":0.007015122910225324,"standard_error":0.0011815418637547597}}