{"mean":{"confidence_interval":{"confidence_level":0.95,"lower_bound":-0.010375060181897535,"upper_bound":-0.007481666690271397},"point_estimate":-0.008945815015632963,"standard_error":0.0007395564904752521},"median":{"confidence_interval":{"confidence_level":0.95,"lower_bound":-0.01075449616285229,"upper_bound":-0.007278317348116126},"point_estimate":-0.008640778260121662,"standard_error":0.0008872336643806389}}