{"mean":{"confidence_interval":{"confidence_level":0.95,"lower_bound":17231950.22683334,"upper_bound":17267307.15833333},"point_estimate":17248773.340000004,"standard_error":9007.333568642416},"median":{"confidence_interval":{"confidence_level":0.95,"lower_bound":17220314.0,"upper_bound":17248887.333333332},"point_estimate":17233349.833333332,"standard_error":6955.62606769986},"median_abs_dev":{"confidence_interval":{"confidence_level":0.95,"lower_bound":42700.695426909195,"upper_bound":66456.8025201559},"point_estimate":55186.81882023811,"standard_error":6060.862283624864},"slope":null,"std_dev":{"confidence_interval":{"confidence_level":0.95,"lower_bound":67707.62803926595,"upper_bound":113258.56769363313},"point_estimate":90717.74208564614,"standard_error":11727.023756940944}}