{"mean":{"confidence_interval":{"confidence_level":0.95,"lower_bound":47087880.22222222,"upper_bound":47128949.78888888},"point_estimate":47107309.33333334,"standard_error":10460.802931421873},"median":{"confidence_interval":{"confidence_level":0.95,"lower_bound":47063600.0,"upper_bound":47082055.55555555},"point_estimate":47072783.33333333,"standard_error":4014.3188023454113},"median_abs_dev":{"confidence_interval":{"confidence_level":0.95,"lower_bound":25195.96288601496,"upper_bound":47962.10914850249},"point_estimate":35944.81269517921,"standard_error":5467.735283149683},"slope":null,"std_dev":{"confidence_interval":{"confidence_level":0.95,"lower_bound":73734.90820245694,"upper_bound":131812.47335077004},"point_estimate":105269.45046378716,"standard_error":14852.696517055923}}