{"mean":{"confidence_interval":{"confidence_level":0.95,"lower_bound":27338368.5,"upper_bound":27383449.1},"point_estimate":27359773.5,"standard_error":11448.852138701863},"median":{"confidence_interval":{"confidence_level":0.95,"lower_bound":27328350.0,"upper_bound":27361050.0},"point_estimate":27340150.0,"standard_error":7360.038923177212},"median_abs_dev":{"confidence_interval":{"confidence_level":0.95,"lower_bound":55894.0190076828,"upper_bound":100854.78983446934},"point_estimate":77428.7836253643,"standard_error":10833.599657038694},"slope":null,"std_dev":{"confidence_interval":{"confidence_level":0.95,"lower_bound":81001.35332902761,"upper_bound":152474.3014660395},"point_estimate":115029.31761889525,"standard_error":19199.456466452808}}