{"mean":{"confidence_interval":{"confidence_level":0.95,"lower_bound":15374693.4375,"upper_bound":15393424.34375},"point_estimate":15383708.0,"standard_error":4757.972227956584},"median":{"confidence_interval":{"confidence_level":0.95,"lower_bound":15369350.0,"upper_bound":15387825.0},"point_estimate":15375512.5,"standard_error":4606.757229055585},"median_abs_dev":{"confidence_interval":{"confidence_level":0.95,"lower_bound":30560.091957449913,"upper_bound":53114.144057035446},"point_estimate":38844.11931037903,"standard_error":6020.763077413148},"slope":null,"std_dev":{"confidence_interval":{"confidence_level":0.95,"lower_bound":35921.846427453806,"upper_bound":62677.06420347217},"point_estimate":48039.35819048309,"standard_error":7371.111493380744}}