{"mean":{"confidence_interval":{"confidence_level":0.95,"lower_bound":45200223.09780553,"upper_bound":45236133.84266666},"point_estimate":45216526.105555534,"standard_error":9215.367863248552},"median":{"confidence_interval":{"confidence_level":0.95,"lower_bound":45189376.83333333,"upper_bound":45218732.33333333},"point_estimate":45207596.722222224,"standard_error":7609.188802884794},"median_abs_dev":{"confidence_interval":{"confidence_level":0.95,"lower_bound":44658.38220715707,"upper_bound":66268.92415682782},"point_estimate":58416.25102956783,"standard_error":5485.95632859837},"slope":null,"std_dev":{"confidence_interval":{"confidence_level":0.95,"lower_bound":48626.13410817886,"upper_bound":132347.9705643054},"point_estimate":93074.51275257653,"standard_error":21547.4697205116}}