{"mean":{"confidence_interval":{"confidence_level":0.95,"lower_bound":31027606.48625,"upper_bound":31131970.53875},"point_estimate":31075448.45,"standard_error":26672.586557379844},"median":{"confidence_interval":{"confidence_level":0.95,"lower_bound":30995895.0,"upper_bound":31014950.0},"point_estimate":31008740.0,"standard_error":5020.8512420402885},"median_abs_dev":{"confidence_interval":{"confidence_level":0.95,"lower_bound":32127.848767116673,"upper_bound":56672.569318860726},"point_estimate":42639.575242996216,"standard_error":6102.349526463478},"slope":null,"std_dev":{"confidence_interval":{"confidence_level":0.95,"lower_bound":156251.69906618065,"upper_bound":352684.448909069},"point_estimate":267796.4677506874,"standard_error":49814.93578793356}}