{"mean":{"confidence_interval":{"confidence_level":0.95,"lower_bound":58183975.55357146,"upper_bound":58238270.65357142},"point_estimate":58210713.857142866,"standard_error":13856.655821921748},"median":{"confidence_interval":{"confidence_level":0.95,"lower_bound":58159642.85714286,"upper_bound":58239214.28571428},"point_estimate":58202578.57142857,"standard_error":18782.290024051985},"median_abs_dev":{"confidence_interval":{"confidence_level":0.95,"lower_bound":108250.97807815782,"upper_bound":158617.01718398818},"point_estimate":140529.29750511493,"standard_error":12881.517944190859},"slope":null,"std_dev":{"confidence_interval":{"confidence_level":0.95,"lower_bound":116720.83435950195,"upper_bound":161214.5401342424},"point_estimate":139858.40135000716,"standard_error":11368.418010710051}}