{"mean":{"confidence_interval":{"confidence_level":0.95,"lower_bound":15020076.9375,"upper_bound":15044122.5},"point_estimate":15031769.25,"standard_error":6134.864949711169},"median":{"confidence_interval":{"confidence_level":0.95,"lower_bound":15005700.0,"upper_bound":15037700.0},"point_estimate":15017700.0,"standard_error":8628.765205857477},"median_abs_dev":{"confidence_interval":{"confidence_level":0.95,"lower_bound":41568.396762013435,"upper_bound":64344.83885765076},"point_estimate":52873.221561312675,"standard_error":5653.21990116848},"slope":null,"std_dev":{"confidence_interval":{"confidence_level":0.95,"lower_bound":48786.875748294064,"upper_bound":73457.03320882253},"point_estimate":61663.68940959935,"standard_error":6321.932914458527}}