{"mean":{"confidence_interval":{"confidence_level":0.95,"lower_bound":59721990.7142857,"upper_bound":59774490.71428575},"point_estimate":59746545.57142858,"standard_error":13468.750058512733},"median":{"confidence_interval":{"confidence_level":0.95,"lower_bound":59714642.85714286,"upper_bound":59749585.71428572},"point_estimate":59728314.28571428,"standard_error":9233.292027883446},"median_abs_dev":{"confidence_interval":{"confidence_level":0.95,"lower_bound":59028.65895202852,"upper_bound":97258.55827331543},"point_estimate":75019.55866814213,"standard_error":9783.906544906968},"slope":null,"std_dev":{"confidence_interval":{"confidence_level":0.95,"lower_bound":83216.81324676456,"upper_bound":181897.53244366337},"point_estimate":135565.0399493271,"standard_error":25566.352670556098}}