{"mean":{"confidence_interval":{"confidence_level":0.95,"lower_bound":15466180.1625,"upper_bound":15507428.26875},"point_estimate":15485689.5,"standard_error":10487.15186867172},"median":{"confidence_interval":{"confidence_level":0.95,"lower_bound":15430075.0,"upper_bound":15463750.0},"point_estimate":15445700.0,"standard_error":7543.137270286115},"median_abs_dev":{"confidence_interval":{"confidence_level":0.95,"lower_bound":33636.486902832985,"upper_bound":70423.49874973297},"point_estimate":47424.66665804386,"standard_error":8745.58691161154},"slope":null,"std_dev":{"confidence_interval":{"confidence_level":0.95,"lower_bound":79575.50510415889,"upper_bound":127021.23542354017},"point_estimate":105341.46150672933,"standard_error":12092.0732150881}}