{"mean":{"confidence_interval":{"confidence_level":0.95,"lower_bound":170233534.5,"upper_bound":172013616.0},"point_estimate":171082469.5,"standard_error":456613.9706622058},"median":{"confidence_interval":{"confidence_level":0.95,"lower_bound":168804150.0,"upper_bound":169631050.0},"point_estimate":169047100.0,"standard_error":210877.14068369227},"median_abs_dev":{"confidence_interval":{"confidence_level":0.95,"lower_bound":807349.8156666756,"upper_bound":1831752.2674798965},"point_estimate":1292790.1120483875,"standard_error":269070.2916470777},"slope":null,"std_dev":{"confidence_interval":{"confidence_level":0.95,"lower_bound":3460416.1336552594,"upper_bound":5564782.20217233},"point_estimate":4602096.78824539,"standard_error":536296.3226536446}}