{"mean":{"confidence_interval":{"confidence_level":0.95,"lower_bound":28343851.721875,"upper_bound":28374301.2625},"point_estimate":28358911.125,"standard_error":7756.2541896391485},"median":{"confidence_interval":{"confidence_level":0.95,"lower_bound":28345750.0,"upper_bound":28360250.0},"point_estimate":28351562.5,"standard_error":3846.6793298857},"median_abs_dev":{"confidence_interval":{"confidence_level":0.95,"lower_bound":22415.058352053165,"upper_bound":45024.707950651646},"point_estimate":29290.61572998762,"standard_error":5773.161217355759},"slope":null,"std_dev":{"confidence_interval":{"confidence_level":0.95,"lower_bound":50797.856667053784,"upper_bound":102160.10317111069},"point_estimate":78146.04126538585,"standard_error":13112.851315682552}}