{"mean":{"confidence_interval":{"confidence_level":0.95,"lower_bound":29000280.5,"upper_bound":29061525.0},"point_estimate":29028828.0,"standard_error":15641.416412314711},"median":{"confidence_interval":{"confidence_level":0.95,"lower_bound":28984575.0,"upper_bound":29033750.0},"point_estimate":29010225.0,"standard_error":11178.406474786261},"median_abs_dev":{"confidence_interval":{"confidence_level":0.95,"lower_bound":68384.92378592491,"upper_bound":106747.1981048584},"point_estimate":86546.77346348763,"standard_error":9639.289358881028},"slope":null,"std_dev":{"confidence_interval":{"confidence_level":0.95,"lower_bound":96737.12870125721,"upper_bound":214044.77461511953},"point_estimate":157141.76259516485,"standard_error":30529.92821005054}}