{"mean":{"confidence_interval":{"confidence_level":0.95,"lower_bound":20230146.31666666,"upper_bound":20282462.441666663},"point_estimate":20252177.333333332,"standard_error":13542.957954253918},"median":{"confidence_interval":{"confidence_level":0.95,"lower_bound":20214066.666666664,"upper_bound":20228933.333333336},"point_estimate":20220516.666666664,"standard_error":3844.9413655391027},"median_abs_dev":{"confidence_interval":{"confidence_level":0.95,"lower_bound":19866.83964729309,"upper_bound":33926.8293976793},"point_estimate":29133.08948277875,"standard_error":3825.3740657244334},"slope":null,"std_dev":{"confidence_interval":{"confidence_level":0.95,"lower_bound":51174.8250519578,"upper_bound":213023.49749042068},"point_estimate":136162.27377984655,"standard_error":46979.63224889081}}