{"mean":{"confidence_interval":{"confidence_level":0.95,"lower_bound":75860441.15,"upper_bound":75943800.89166664},"point_estimate":75899931.00000001,"standard_error":21377.98957865993},"median":{"confidence_interval":{"confidence_level":0.95,"lower_bound":75831166.66666666,"upper_bound":75912808.33333334},"point_estimate":75855058.33333334,"standard_error":24150.59134681911},"median_abs_dev":{"confidence_interval":{"confidence_level":0.95,"lower_bound":121264.32284713528,"upper_bound":187833.06166529286},"point_estimate":172611.7019355297,"standard_error":18464.26265270727},"slope":null,"std_dev":{"confidence_interval":{"confidence_level":0.95,"lower_bound":147769.27520006866,"upper_bound":276323.4824964356},"point_estimate":215029.97220182547,"standard_error":33015.794282862014}}