{"mean":{"confidence_interval":{"confidence_level":0.95,"lower_bound":54619147.171875,"upper_bound":54639228.25},"point_estimate":54629640.0,"standard_error":5116.963141629077},"median":{"confidence_interval":{"confidence_level":0.95,"lower_bound":54630062.5,"upper_bound":54644800.0},"point_estimate":54634468.75,"standard_error":3392.857580407594},"median_abs_dev":{"confidence_interval":{"confidence_level":0.95,"lower_bound":26909.189522266388,"upper_bound":45108.104199171066},"point_estimate":33117.57691204548,"standard_error":4662.892486357222},"slope":null,"std_dev":{"confidence_interval":{"confidence_level":0.95,"lower_bound":40485.49009780659,"upper_bound":60210.45966570661},"point_estimate":51030.85216292932,"standard_error":5036.757816203886}}