{"mean":{"confidence_interval":{"confidence_level":0.95,"lower_bound":36176072.4875,"upper_bound":36221558.525},"point_estimate":36198123.0,"standard_error":11625.189568382237},"median":{"confidence_interval":{"confidence_level":0.95,"lower_bound":36138900.0,"upper_bound":36244850.0},"point_estimate":36168900.0,"standard_error":33544.15006731095},"median_abs_dev":{"confidence_interval":{"confidence_level":0.95,"lower_bound":92662.4983549118,"upper_bound":143256.22245669365},"point_estimate":131729.00766134262,"standard_error":13348.339256875446},"slope":null,"std_dev":{"confidence_interval":{"confidence_level":0.95,"lower_bound":90579.3633116394,"upper_bound":144955.51984662795},"point_estimate":116914.37240885988,"standard_error":14339.91143448304}}