{"mean":{"confidence_interval":{"confidence_level":0.95,"lower_bound":18604881.225,"upper_bound":18638254.33333334},"point_estimate":18620760.999999996,"standard_error":8513.358983697099},"median":{"confidence_interval":{"confidence_level":0.95,"lower_bound":18597600.0,"upper_bound":18622100.0},"point_estimate":18608366.666666668,"standard_error":6754.457628027712},"median_abs_dev":{"confidence_interval":{"confidence_level":0.95,"lower_bound":34470.44938802719,"upper_bound":57450.74898004532},"point_estimate":44379.15921211335,"standard_error":5852.418234893714},"slope":null,"std_dev":{"confidence_interval":{"confidence_level":0.95,"lower_bound":56755.920322261976,"upper_bound":112374.75671654177},"point_estimate":85690.74234329254,"standard_error":14344.329595820805}}