{"mean":{"confidence_interval":{"confidence_level":0.95,"lower_bound":20204385.30833333,"upper_bound":20218705.66666666},"point_estimate":20209953.333333336,"standard_error":3816.107213068065},"median":{"confidence_interval":{"confidence_level":0.95,"lower_bound":20203466.666666668,"upper_bound":20209466.666666664},"point_estimate":20206100.0,"standard_error":1576.572758370177},"median_abs_dev":{"confidence_interval":{"confidence_level":0.95,"lower_bound":8327.269852163248,"upper_bound":13565.789759159088},"point_estimate":10822.979807853699,"standard_error":1286.0735304455347},"slope":null,"std_dev":{"confidence_interval":{"confidence_level":0.95,"lower_bound":10297.625820103653,"upper_bound":63267.28562268678},"point_estimate":38279.40812525381,"standard_error":17317.12483378641}}