{"mean":{"confidence_interval":{"confidence_level":0.95,"lower_bound":18429795.40675,"upper_bound":18462917.733916663},"point_estimate":18445020.35666665,"standard_error":8512.671125077964},"median":{"confidence_interval":{"confidence_level":0.95,"lower_bound":18412967.666666664,"upper_bound":18422350.833333332},"point_estimate":18415844.166666668,"standard_error":2617.4640950599137},"median_abs_dev":{"confidence_interval":{"confidence_level":0.95,"lower_bound":14526.26744210536,"upper_bound":28814.330488443375},"point_estimate":21327.2006213665,"standard_error":3950.1037433996926},"slope":null,"std_dev":{"confidence_interval":{"confidence_level":0.95,"lower_bound":51600.91025685778,"upper_bound":112076.1488762865},"point_estimate":85684.40816362547,"standard_error":15365.821592707918}}