{"mean":{"confidence_interval":{"confidence_level":0.95,"lower_bound":36429086.857142866,"upper_bound":36462380.380357124},"point_estimate":36445433.214285724,"standard_error":8490.622248796517},"median":{"confidence_interval":{"confidence_level":0.95,"lower_bound":36434507.14285714,"upper_bound":36451714.28571428},"point_estimate":36440410.71428572,"standard_error":4517.50909463646},"median_abs_dev":{"confidence_interval":{"confidence_level":0.95,"lower_bound":26358.5095320366,"upper_bound":49238.204125850294},"point_estimate":38849.414310284235,"standard_error":5867.386357691487},"slope":null,"std_dev":{"confidence_interval":{"confidence_level":0.95,"lower_bound":57684.57160981072,"upper_bound":108990.52424177667},"point_estimate":85270.7094390842,"standard_error":13096.890128383391}}