{"mean":{"confidence_interval":{"confidence_level":0.95,"lower_bound":2115040.2433658033,"upper_bound":2125314.515998155},"point_estimate":2119748.012959571,"standard_error":2624.4973082926767},"median":{"confidence_interval":{"confidence_level":0.95,"lower_bound":2111945.643939394,"upper_bound":2115741.6666666665},"point_estimate":2114111.520737327,"standard_error":914.4233948495134},"median_abs_dev":{"confidence_interval":{"confidence_level":0.95,"lower_bound":8230.313067836605,"upper_bound":13860.320900271452},"point_estimate":11390.680272481699,"standard_error":1434.5277916416949},"slope":{"confidence_interval":{"confidence_level":0.95,"lower_bound":2111831.493514704,"upper_bound":2119042.46291457},"point_estimate":2115054.275011083,"standard_error":1854.618797420299},"std_dev":{"confidence_interval":{"confidence_level":0.95,"lower_bound":14954.70995459616,"upper_bound":35928.63587606779},"point_estimate":26208.893687202173,"standard_error":5367.542255727564}}