{"mean":{"confidence_interval":{"confidence_level":0.95,"lower_bound":-0.9585237182455336,"upper_bound":-0.9580596074080574},"point_estimate":-0.9582959936287785,"standard_error":0.0001177884630409048},"median":{"confidence_interval":{"confidence_level":0.95,"lower_bound":-0.9585328572701876,"upper_bound":-0.9582820485055744},"point_estimate":-0.9583765516278435,"standard_error":0.00006585735085105375}}