{"mean":{"confidence_interval":{"confidence_level":0.95,"lower_bound":-0.5708927084927317,"upper_bound":-0.5698919000723334},"point_estimate":-0.5704063125016519,"standard_error":0.0002561854112962664},"median":{"confidence_interval":{"confidence_level":0.95,"lower_bound":-0.5711706355448909,"upper_bound":-0.5696447358120421},"point_estimate":-0.5704010070995136,"standard_error":0.0003925087341894008}}