{"mean":{"confidence_interval":{"confidence_level":0.95,"lower_bound":18298940.555555556,"upper_bound":18324492.444444433},"point_estimate":18310609.77777778,"standard_error":6529.26256293016},"median":{"confidence_interval":{"confidence_level":0.95,"lower_bound":18285966.666666668,"upper_bound":18308322.361111112},"point_estimate":18294955.555555552,"standard_error":5569.09046599677},"median_abs_dev":{"confidence_interval":{"confidence_level":0.95,"lower_bound":28960.119485856023,"upper_bound":48975.21913051421},"point_estimate":36406.06602032764,"standard_error":5035.878749612099},"slope":null,"std_dev":{"confidence_interval":{"confidence_level":0.95,"lower_bound":39753.47482288611,"upper_bound":93898.02651743135},"point_estimate":65851.89940801146,"standard_error":15449.446067165334}}