{"mean":{"confidence_interval":{"confidence_level":0.95,"lower_bound":68966689.97833332,"upper_bound":69047669.93816668},"point_estimate":69006955.06333332,"standard_error":20800.818610477578},"median":{"confidence_interval":{"confidence_level":0.95,"lower_bound":68854719.16666667,"upper_bound":69127921.5},"point_estimate":69006689.16666667,"standard_error":105527.27017927395},"median_abs_dev":{"confidence_interval":{"confidence_level":0.95,"lower_bound":134616.37111008167,"upper_bound":338109.1478973627},"point_estimate":295459.3180045522,"standard_error":60964.96703676583},"slope":null,"std_dev":{"confidence_interval":{"confidence_level":0.95,"lower_bound":194440.6569452403,"upper_bound":222671.39357766768},"point_estimate":209765.43096823638,"standard_error":7238.731275175835}}