{"mean":{"confidence_interval":{"confidence_level":0.95,"lower_bound":36048368.475,"upper_bound":36084378.575},"point_estimate":36065370.0,"standard_error":9197.507380860021},"median":{"confidence_interval":{"confidence_level":0.95,"lower_bound":36031675.0,"upper_bound":36039650.0},"point_estimate":36035875.0,"standard_error":1792.4218287053463},"median_abs_dev":{"confidence_interval":{"confidence_level":0.95,"lower_bound":16012.07971572876,"upper_bound":27465.16451239586},"point_estimate":20682.269632816315,"standard_error":2946.791583575967},"slope":null,"std_dev":{"confidence_interval":{"confidence_level":0.95,"lower_bound":69190.94399527054,"upper_bound":110546.41752067403},"point_estimate":92548.74909795357,"standard_error":10589.07447880294}}