{"mean":{"confidence_interval":{"confidence_level":0.95,"lower_bound":16798435.32583334,"upper_bound":16851590.81716667},"point_estimate":16824508.983333338,"standard_error":13565.585728826827},"median":{"confidence_interval":{"confidence_level":0.95,"lower_bound":16769890.666666666,"upper_bound":16825178.5},"point_estimate":16793478.666666668,"standard_error":13644.862867316317},"median_abs_dev":{"confidence_interval":{"confidence_level":0.95,"lower_bound":82221.92432276964,"upper_bound":142598.19516837643},"point_estimate":107812.69328594254,"standard_error":14845.118292197127},"slope":null,"std_dev":{"confidence_interval":{"confidence_level":0.95,"lower_bound":113198.60594862756,"upper_bound":157368.3229321867},"point_estimate":136673.929299032,"standard_error":11309.065117143859}}