{"mean":{"confidence_interval":{"confidence_level":0.95,"lower_bound":51834409.465625,"upper_bound":51900459.828125},"point_estimate":51867548.0,"standard_error":16953.88194738178},"median":{"confidence_interval":{"confidence_level":0.95,"lower_bound":51752518.75,"upper_bound":51981212.5},"point_estimate":51781125.0,"standard_error":52223.6192133935},"median_abs_dev":{"confidence_interval":{"confidence_level":0.95,"lower_bound":103448.41316342354,"upper_bound":256600.99044442177},"point_estimate":178115.85433781147,"standard_error":41941.30614793491},"slope":null,"std_dev":{"confidence_interval":{"confidence_level":0.95,"lower_bound":158497.10506148243,"upper_bound":179972.8882803086},"point_estimate":170677.88674869397,"standard_error":5460.098453225948}}