{"mean":{"confidence_interval":{"confidence_level":0.95,"lower_bound":69635727.99999999,"upper_bound":69692627.16666667},"point_estimate":69664203.83333334,"standard_error":14610.648686747978},"median":{"confidence_interval":{"confidence_level":0.95,"lower_bound":69628900.0,"upper_bound":69694266.66666666},"point_estimate":69670650.0,"standard_error":16490.980254276517},"median_abs_dev":{"confidence_interval":{"confidence_level":0.95,"lower_bound":83309.76352095236,"upper_bound":129678.07769777231},"point_estimate":105091.62813425432,"standard_error":12016.851486624562},"slope":null,"std_dev":{"confidence_interval":{"confidence_level":0.95,"lower_bound":118260.8065116679,"upper_bound":172241.73688872144},"point_estimate":146882.1346163126,"standard_error":13787.49684744243}}