{"mean":{"confidence_interval":{"confidence_level":0.95,"lower_bound":17608672.358833335,"upper_bound":17637269.803583328},"point_estimate":17621867.019999996,"standard_error":7304.1823972560915},"median":{"confidence_interval":{"confidence_level":0.95,"lower_bound":17590535.333333332,"upper_bound":17610453.0},"point_estimate":17600221.166666664,"standard_error":5499.265005354563},"median_abs_dev":{"confidence_interval":{"confidence_level":0.95,"lower_bound":24565.94026386738,"upper_bound":45334.44779514898},"point_estimate":32247.78492748277,"standard_error":5521.742680337931},"slope":null,"std_dev":{"confidence_interval":{"confidence_level":0.95,"lower_bound":45705.48969196053,"upper_bound":97205.15621313303},"point_estimate":73317.37693404552,"standard_error":13186.623812136892}}