{"mean":{"confidence_interval":{"confidence_level":0.95,"lower_bound":19497988.966666665,"upper_bound":19531922.391666673},"point_estimate":19514695.0,"standard_error":8644.715856201748},"median":{"confidence_interval":{"confidence_level":0.95,"lower_bound":19487133.333333332,"upper_bound":19519366.666666668},"point_estimate":19496350.0,"standard_error":7876.494614536193},"median_abs_dev":{"confidence_interval":{"confidence_level":0.95,"lower_bound":37213.25933933258,"upper_bound":77861.20861768907},"point_estimate":58192.04896688461,"standard_error":10521.246097368323},"slope":null,"std_dev":{"confidence_interval":{"confidence_level":0.95,"lower_bound":62631.06081874348,"upper_bound":111756.22525063153},"point_estimate":87003.27101130554,"standard_error":12799.372307900005}}