{"mean":{"confidence_interval":{"confidence_level":0.95,"lower_bound":25722933.8425,"upper_bound":25743735.10125},"point_estimate":25733146.05,"standard_error":5301.655974901621},"median":{"confidence_interval":{"confidence_level":0.95,"lower_bound":25722272.5,"upper_bound":25737077.5},"point_estimate":25727495.0,"standard_error":3882.8444176285525},"median_abs_dev":{"confidence_interval":{"confidence_level":0.95,"lower_bound":21842.40411221981,"upper_bound":37713.636830449104},"point_estimate":27613.424509763718,"standard_error":4034.6498801203124},"slope":null,"std_dev":{"confidence_interval":{"confidence_level":0.95,"lower_bound":37303.58174172561,"upper_bound":68114.46242174518},"point_estimate":53406.76391115755,"standard_error":7873.076535184444}}