{"mean":{"confidence_interval":{"confidence_level":0.95,"lower_bound":31092152.341500003,"upper_bound":31171119.19175},"point_estimate":31131005.135,"standard_error":20143.370561986983},"median":{"confidence_interval":{"confidence_level":0.95,"lower_bound":31072354.75,"upper_bound":31161399.5},"point_estimate":31118347.25,"standard_error":21638.7241658407},"median_abs_dev":{"confidence_interval":{"confidence_level":0.95,"lower_bound":129650.77314823866,"upper_bound":215976.26856565475},"point_estimate":176456.0836672783,"standard_error":21917.795085838217},"slope":null,"std_dev":{"confidence_interval":{"confidence_level":0.95,"lower_bound":165078.60822873673,"upper_bound":236568.8092545508},"point_estimate":202360.8878296179,"standard_error":18273.860934459273}}