{"mean":{"confidence_interval":{"confidence_level":0.95,"lower_bound":33245515.375,"upper_bound":33302028.5},"point_estimate":33274444.5,"standard_error":14409.60889709474},"median":{"confidence_interval":{"confidence_level":0.95,"lower_bound":33257200.0,"upper_bound":33306350.0},"point_estimate":33283175.0,"standard_error":14615.108338647711},"median_abs_dev":{"confidence_interval":{"confidence_level":0.95,"lower_bound":64456.03385567665,"upper_bound":116680.61792850494},"point_estimate":83470.37851810455,"standard_error":12964.360945741071},"slope":null,"std_dev":{"confidence_interval":{"confidence_level":0.95,"lower_bound":109836.15776473981,"upper_bound":174962.48092571888},"point_estimate":144161.668663583,"standard_error":16699.40496193945}}