{"mean":{"confidence_interval":{"confidence_level":0.95,"lower_bound":16888599.624249995,"upper_bound":16918554.32249999},"point_estimate":16902765.683333337,"standard_error":7672.174986092949},"median":{"confidence_interval":{"confidence_level":0.95,"lower_bound":16884668.0,"upper_bound":16910399.5},"point_estimate":16898286.833333336,"standard_error":6578.398246915706},"median_abs_dev":{"confidence_interval":{"confidence_level":0.95,"lower_bound":43713.96602392104,"upper_bound":67994.0115928659},"point_estimate":58926.92435383981,"standard_error":6370.02580411308},"slope":null,"std_dev":{"confidence_interval":{"confidence_level":0.95,"lower_bound":51479.751410153134,"upper_bound":102343.212690503},"point_estimate":77059.25300264187,"standard_error":13312.539490754632}}