{"mean":{"confidence_interval":{"confidence_level":0.95,"lower_bound":33007050.105,"upper_bound":33043637.263125002},"point_estimate":33023599.1,"standard_error":9385.578338915457},"median":{"confidence_interval":{"confidence_level":0.95,"lower_bound":32987955.0,"upper_bound":33008284.0},"point_estimate":32993995.75,"standard_error":4771.511004459638},"median_abs_dev":{"confidence_interval":{"confidence_level":0.95,"lower_bound":21098.880225419998,"upper_bound":40272.60438501835},"point_estimate":27979.99735325575,"standard_error":4718.478939702833},"slope":null,"std_dev":{"confidence_interval":{"confidence_level":0.95,"lower_bound":50023.57750984195,"upper_bound":131214.3184935591},"point_estimate":94154.00888767939,"standard_error":20812.37057657653}}