{"mean":{"confidence_interval":{"confidence_level":0.95,"lower_bound":64855365.35571428,"upper_bound":64924017.72539287},"point_estimate":64886744.30285715,"standard_error":17589.771753735884},"median":{"confidence_interval":{"confidence_level":0.95,"lower_bound":64842414.71428572,"upper_bound":64910886.14285714},"point_estimate":64873035.42857143,"standard_error":18837.454916665618},"median_abs_dev":{"confidence_interval":{"confidence_level":0.95,"lower_bound":88369.21976862988,"upper_bound":146666.07266865656},"point_estimate":115984.32544086267,"standard_error":14332.13239162676},"slope":null,"std_dev":{"confidence_interval":{"confidence_level":0.95,"lower_bound":106104.30461312432,"upper_bound":255356.27789040425},"point_estimate":175834.76992316914,"standard_error":44480.07900280666}}