{"mean":{"confidence_interval":{"confidence_level":0.95,"lower_bound":13766708.99375,"upper_bound":13783008.55},"point_estimate":13774601.75,"standard_error":4168.828971001757},"median":{"confidence_interval":{"confidence_level":0.95,"lower_bound":13754900.0,"upper_bound":13781850.0},"point_estimate":13765462.5,"standard_error":7095.110721740974},"median_abs_dev":{"confidence_interval":{"confidence_level":0.95,"lower_bound":30115.311965346336,"upper_bound":47072.5491642952},"point_estimate":38881.18430972099,"standard_error":4215.251050996023},"slope":null,"std_dev":{"confidence_interval":{"confidence_level":0.95,"lower_bound":33029.26103182542,"upper_bound":50100.40773084032},"point_estimate":42013.02366243236,"standard_error":4378.52797193648}}