{"mean":{"confidence_interval":{"confidence_level":0.95,"lower_bound":57743498.56785714,"upper_bound":57793857.08571428},"point_estimate":57767540.99999999,"standard_error":12813.362336387818},"median":{"confidence_interval":{"confidence_level":0.95,"lower_bound":57726150.0,"upper_bound":57773028.571428575},"point_estimate":57752671.42857143,"standard_error":12064.931566748759},"median_abs_dev":{"confidence_interval":{"confidence_level":0.95,"lower_bound":79996.8585797758,"upper_bound":118872.74788959158},"point_estimate":100223.75822067261,"standard_error":9811.142367836856},"slope":null,"std_dev":{"confidence_interval":{"confidence_level":0.95,"lower_bound":90988.29394040123,"upper_bound":168484.33986169758},"point_estimate":128659.58923333444,"standard_error":20305.696864883837}}