{"mean":{"confidence_interval":{"confidence_level":0.95,"lower_bound":15078513.6625,"upper_bound":15161687.75},"point_estimate":15112900.25,"standard_error":21626.25884612331},"median":{"confidence_interval":{"confidence_level":0.95,"lower_bound":15051525.0,"upper_bound":15110850.0},"point_estimate":15082650.0,"standard_error":14832.95908696222},"median_abs_dev":{"confidence_interval":{"confidence_level":0.95,"lower_bound":79819.47608292103,"upper_bound":117199.52791929245},"point_estimate":90142.0783996582,"standard_error":9698.057709977613},"slope":null,"std_dev":{"confidence_interval":{"confidence_level":0.95,"lower_bound":83617.65270826562,"upper_bound":347279.29511788074},"point_estimate":217896.14294380098,"standard_error":83086.7398177067}}