{"mean":{"confidence_interval":{"confidence_level":0.95,"lower_bound":167922234.0,"upper_bound":168246564.5},"point_estimate":168074434.5,"standard_error":83192.70568413721},"median":{"confidence_interval":{"confidence_level":0.95,"lower_bound":167766150.0,"upper_bound":168005075.0},"point_estimate":167869475.0,"standard_error":58486.18475361632},"median_abs_dev":{"confidence_interval":{"confidence_level":0.95,"lower_bound":397299.72794651985,"upper_bound":601160.9308272592},"point_estimate":495892.626196146,"standard_error":52976.41286802585},"slope":null,"std_dev":{"confidence_interval":{"confidence_level":0.95,"lower_bound":564351.0508886657,"upper_bound":1130052.7182297893},"point_estimate":843443.6530937867,"standard_error":150138.32954473476}}