{"mean":{"confidence_interval":{"confidence_level":0.95,"lower_bound":15398457.75,"upper_bound":15417497.0},"point_estimate":15408029.75,"standard_error":4845.917888053005},"median":{"confidence_interval":{"confidence_level":0.95,"lower_bound":15389825.0,"upper_bound":15415450.0},"point_estimate":15403650.0,"standard_error":6263.930728364719},"median_abs_dev":{"confidence_interval":{"confidence_level":0.95,"lower_bound":31709.10693705082,"upper_bound":51038.50409388542},"point_estimate":42717.41174161434,"standard_error":4714.107349003766},"slope":null,"std_dev":{"confidence_interval":{"confidence_level":0.95,"lower_bound":39080.081510535565,"upper_bound":58179.07977160562},"point_estimate":48832.10047246617,"standard_error":4874.857338381367}}