{"mean":{"confidence_interval":{"confidence_level":0.95,"lower_bound":21443313.535916653,"upper_bound":21460157.7765},"point_estimate":21451393.773333333,"standard_error":4302.579193052893},"median":{"confidence_interval":{"confidence_level":0.95,"lower_bound":21436963.833333332,"upper_bound":21450137.333333336},"point_estimate":21442562.0,"standard_error":3055.318901547375},"median_abs_dev":{"confidence_interval":{"confidence_level":0.95,"lower_bound":23671.438279747043,"upper_bound":37354.600536826954},"point_estimate":29164.71828222367,"standard_error":3371.7610193954083},"slope":null,"std_dev":{"confidence_interval":{"confidence_level":0.95,"lower_bound":31681.581162585862,"upper_bound":54101.12211413045},"point_estimate":43210.98241108702,"standard_error":5774.663935577403}}