{"mean":{"confidence_interval":{"confidence_level":0.95,"lower_bound":56145987.746875,"upper_bound":56229050.66875},"point_estimate":56187277.125,"standard_error":21179.2457986341},"median":{"confidence_interval":{"confidence_level":0.95,"lower_bound":56129875.0,"upper_bound":56206075.0},"point_estimate":56166418.75,"standard_error":16362.41943314104},"median_abs_dev":{"confidence_interval":{"confidence_level":0.95,"lower_bound":126521.37525379658,"upper_bound":252366.3142696023},"point_estimate":198353.3439785242,"standard_error":33866.05989494526},"slope":null,"std_dev":{"confidence_interval":{"confidence_level":0.95,"lower_bound":182099.12335074315,"upper_bound":237875.85211196286},"point_estimate":211917.4621871575,"standard_error":14187.830618346119}}