{"mean":{"confidence_interval":{"confidence_level":0.95,"lower_bound":15710218.49375,"upper_bound":15741420.51875},"point_estimate":15725202.25,"standard_error":7960.029991255639},"median":{"confidence_interval":{"confidence_level":0.95,"lower_bound":15701575.0,"upper_bound":15725050.0},"point_estimate":15715687.5,"standard_error":5890.480993535699},"median_abs_dev":{"confidence_interval":{"confidence_level":0.95,"lower_bound":32913.71941566467,"upper_bound":55801.35650932789},"point_estimate":43217.789232730865,"standard_error":6117.155220276549},"slope":null,"std_dev":{"confidence_interval":{"confidence_level":0.95,"lower_bound":58139.962879337036,"upper_bound":99154.19974783913},"point_estimate":80146.03354576374,"standard_error":10469.102648337217}}