{"mean":{"confidence_interval":{"confidence_level":0.95,"lower_bound":15803922.0,"upper_bound":15837248.00625},"point_estimate":15819594.0,"standard_error":8486.835384683189},"median":{"confidence_interval":{"confidence_level":0.95,"lower_bound":15790750.0,"upper_bound":15807875.0},"point_estimate":15798212.5,"standard_error":4216.746702403555},"median_abs_dev":{"confidence_interval":{"confidence_level":0.95,"lower_bound":24592.627063393593,"upper_bound":46108.859181404114},"point_estimate":33432.62940645218,"standard_error":5733.749779466142},"slope":null,"std_dev":{"confidence_interval":{"confidence_level":0.95,"lower_bound":53782.76117565108,"upper_bound":112057.60798795188},"point_estimate":85298.71228319756,"standard_error":14846.3647082559}}