{"mean":{"confidence_interval":{"confidence_level":0.95,"lower_bound":12430230.184999999,"upper_bound":12441447.025},"point_estimate":12435469.8,"standard_error":2868.3023324298624},"median":{"confidence_interval":{"confidence_level":0.95,"lower_bound":12422200.0,"upper_bound":12433580.0},"point_estimate":12426800.0,"standard_error":2690.063956733882},"median_abs_dev":{"confidence_interval":{"confidence_level":0.95,"lower_bound":12172.145783901215,"upper_bound":21052.919626235962},"point_estimate":15433.86572599411,"standard_error":2228.949801820823},"slope":null,"std_dev":{"confidence_interval":{"confidence_level":0.95,"lower_bound":19431.102926489293,"upper_bound":37211.272061830045},"point_estimate":28838.234089731315,"standard_error":4556.291106837057}}