{"mean":{"confidence_interval":{"confidence_level":0.95,"lower_bound":26194929.45,"upper_bound":26221742.5},"point_estimate":26208413.0,"standard_error":6823.264489667921},"median":{"confidence_interval":{"confidence_level":0.95,"lower_bound":26196350.0,"upper_bound":26223825.0},"point_estimate":26211375.0,"standard_error":6569.241444174962},"median_abs_dev":{"confidence_interval":{"confidence_level":0.95,"lower_bound":53040.01405835152,"upper_bound":84656.45849704742},"point_estimate":71943.16372275352,"standard_error":8199.292033873371},"slope":null,"std_dev":{"confidence_interval":{"confidence_level":0.95,"lower_bound":57754.37339246162,"upper_bound":78355.42811766347},"point_estimate":68395.52957362466,"standard_error":5281.438204378129}}