{"mean":{"confidence_interval":{"confidence_level":0.95,"lower_bound":10997100.735000001,"upper_bound":11020793.435},"point_estimate":11008999.8,"standard_error":6039.640230257726},"median":{"confidence_interval":{"confidence_level":0.95,"lower_bound":10992300.0,"upper_bound":11013700.0},"point_estimate":11004270.0,"standard_error":5213.578702247238},"median_abs_dev":{"confidence_interval":{"confidence_level":0.95,"lower_bound":23721.599578857422,"upper_bound":40000.54728984833},"point_estimate":31090.12144804001,"standard_error":4117.928078580548},"slope":null,"std_dev":{"confidence_interval":{"confidence_level":0.95,"lower_bound":44886.901003038365,"upper_bound":74938.8588047349},"point_estimate":60658.838755382654,"standard_error":7680.363389309987}}