{"mean":{"confidence_interval":{"confidence_level":0.95,"lower_bound":25437969.5390625,"upper_bound":25667605.6625},"point_estimate":25545336.6875,"standard_error":58642.80900407212},"median":{"confidence_interval":{"confidence_level":0.95,"lower_bound":25369128.125,"upper_bound":25552462.5},"point_estimate":25440762.5,"standard_error":44572.25429758842},"median_abs_dev":{"confidence_interval":{"confidence_level":0.95,"lower_bound":285363.4299337864,"upper_bound":455765.13128355145},"point_estimate":398963.0197919905,"standard_error":44650.34661838733},"slope":null,"std_dev":{"confidence_interval":{"confidence_level":0.95,"lower_bound":400906.1029228159,"upper_bound":752176.9740138416},"point_estimate":591339.0063690066,"standard_error":89837.03262803405}}