{"mean":{"confidence_interval":{"confidence_level":0.95,"lower_bound":14601690.91875,"upper_bound":14616245.01875},"point_estimate":14609547.25,"standard_error":3731.121669539689},"median":{"confidence_interval":{"confidence_level":0.95,"lower_bound":14605325.0,"upper_bound":14623825.0},"point_estimate":14612125.0,"standard_error":5273.701054199098},"median_abs_dev":{"confidence_interval":{"confidence_level":0.95,"lower_bound":22090.739607810974,"upper_bound":36138.3743584156},"point_estimate":26705.332025885582,"standard_error":3526.1534413807144},"slope":null,"std_dev":{"confidence_interval":{"confidence_level":0.95,"lower_bound":24042.231541076784,"upper_bound":52377.04015449443},"point_estimate":37214.88513272504,"standard_error":8087.454999806283}}