{"mean":{"confidence_interval":{"confidence_level":0.95,"lower_bound":58662413.99999996,"upper_bound":58754636.21428572},"point_estimate":58706949.7142857,"standard_error":23423.84212934044},"median":{"confidence_interval":{"confidence_level":0.95,"lower_bound":58628135.71428572,"upper_bound":58706442.85714286},"point_estimate":58667650.0,"standard_error":20052.834097478517},"median_abs_dev":{"confidence_interval":{"confidence_level":0.95,"lower_bound":166029.75230238037,"upper_bound":251628.9855326933},"point_estimate":221225.0960724663,"standard_error":22072.340386709},"slope":null,"std_dev":{"confidence_interval":{"confidence_level":0.95,"lower_bound":176701.36533605633,"upper_bound":294928.1080103387},"point_estimate":235442.63885807796,"standard_error":30749.47251517721}}