{"mean":{"confidence_interval":{"confidence_level":0.95,"lower_bound":11386406.184999999,"upper_bound":11401236.405000001},"point_estimate":11393900.6,"standard_error":3788.615141180997},"median":{"confidence_interval":{"confidence_level":0.95,"lower_bound":11385320.0,"upper_bound":11403030.0},"point_estimate":11394090.0,"standard_error":5493.224598478561},"median_abs_dev":{"confidence_interval":{"confidence_level":0.95,"lower_bound":23187.86358833313,"upper_bound":35864.093363285065},"point_estimate":28154.573500156403,"standard_error":3191.3103741034206},"slope":null,"std_dev":{"confidence_interval":{"confidence_level":0.95,"lower_bound":29319.37422649081,"upper_bound":46355.657925658714},"point_estimate":38077.025969829505,"standard_error":4356.025183510648}}