{"mean":{"confidence_interval":{"confidence_level":0.95,"lower_bound":13946427.0,"upper_bound":13964146.25625},"point_estimate":13955161.25,"standard_error":4540.639102922231},"median":{"confidence_interval":{"confidence_level":0.95,"lower_bound":13942500.0,"upper_bound":13965087.5},"point_estimate":13947800.0,"standard_error":6601.543261811325},"median_abs_dev":{"confidence_interval":{"confidence_level":0.95,"lower_bound":36027.17936038971,"upper_bound":58303.24396491051},"point_estimate":44533.59670937061,"standard_error":5863.4327340570435},"slope":null,"std_dev":{"confidence_interval":{"confidence_level":0.95,"lower_bound":38668.04567404461,"upper_bound":52569.96288357585},"point_estimate":45602.94317751893,"standard_error":3564.4071632353716}}