{"mean":{"confidence_interval":{"confidence_level":0.95,"lower_bound":27806420.9375,"upper_bound":27845283.625},"point_estimate":27825377.0,"standard_error":9917.751215802933},"median":{"confidence_interval":{"confidence_level":0.95,"lower_bound":27812050.0,"upper_bound":27853100.0},"point_estimate":27829050.0,"standard_error":11697.331372209264},"median_abs_dev":{"confidence_interval":{"confidence_level":0.95,"lower_bound":61305.50891160965,"upper_bound":99260.06823778152},"point_estimate":78726.05860233307,"standard_error":10079.069522615642},"slope":null,"std_dev":{"confidence_interval":{"confidence_level":0.95,"lower_bound":74257.43444568056,"upper_bound":129875.49035881073},"point_estimate":100056.9119415182,"standard_error":14904.969559794763}}