{"mean":{"confidence_interval":{"confidence_level":0.95,"lower_bound":-0.006436570759864496,"upper_bound":-3.832564667489636e-6},"point_estimate":-0.003654710111180348,"standard_error":0.0016024672118014644},"median":{"confidence_interval":{"confidence_level":0.95,"lower_bound":-0.006278888837841287,"upper_bound":-0.003229660663653337},"point_estimate":-0.00476659830260906,"standard_error":0.0007810425655111619}}