{"mean":{"confidence_interval":{"confidence_level":0.95,"lower_bound":12190548.565,"upper_bound":12221703.42},"point_estimate":12203091.2,"standard_error":8138.55268716748},"median":{"confidence_interval":{"confidence_level":0.95,"lower_bound":12186190.0,"upper_bound":12193400.0},"point_estimate":12189980.0,"standard_error":2063.931771033989},"median_abs_dev":{"confidence_interval":{"confidence_level":0.95,"lower_bound":11875.625789165497,"upper_bound":19629.623651504517},"point_estimate":15003.91173362732,"standard_error":1867.0990479980298},"slope":null,"std_dev":{"confidence_interval":{"confidence_level":0.95,"lower_bound":19719.04779922994,"upper_bound":132450.8997990461},"point_estimate":81636.08730249506,"standard_error":32803.3158474801}}