{"mean":{"confidence_interval":{"confidence_level":0.95,"lower_bound":24526462.252941187,"upper_bound":24735782.647058822},"point_estimate":24631310.58823529,"standard_error":53360.992574191376},"median":{"confidence_interval":{"confidence_level":0.95,"lower_bound":24323761.76470588,"upper_bound":24949811.76470588},"point_estimate":24809932.352941178,"standard_error":150437.8622126329},"median_abs_dev":{"confidence_interval":{"confidence_level":0.95,"lower_bound":397131.845302443,"upper_bound":916150.8507938907},"point_estimate":703375.9516302282,"standard_error":150045.94145544025},"slope":null,"std_dev":{"confidence_interval":{"confidence_level":0.95,"lower_bound":497908.77002945915,"upper_bound":567563.5513741615},"point_estimate":535999.3593688871,"standard_error":17797.77981753267}}