{"mean":{"confidence_interval":{"confidence_level":0.95,"lower_bound":0.015494421216437595,"upper_bound":0.03657690899057734},"point_estimate":0.025455333908969147,"standard_error":0.005321397699644462},"median":{"confidence_interval":{"confidence_level":0.95,"lower_bound":0.002532984229273616,"upper_bound":0.017087522069200323},"point_estimate":0.00803861256295857,"standard_error":0.004030673689073922}}