{"mean":{"confidence_interval":{"confidence_level":0.95,"lower_bound":-0.23804809619681766,"upper_bound":-0.23541631019778753},"point_estimate":-0.23688752309871608,"standard_error":0.0006906673298948918},"median":{"confidence_interval":{"confidence_level":0.95,"lower_bound":-0.2380677018287628,"upper_bound":-0.23645092636529297},"point_estimate":-0.2374185764618253,"standard_error":0.0003985009894816408}}