{"mean":{"confidence_interval":{"confidence_level":0.95,"lower_bound":-0.006915937138266948,"upper_bound":-0.004971314686811532},"point_estimate":-0.005909645661662299,"standard_error":0.0004985364326225149},"median":{"confidence_interval":{"confidence_level":0.95,"lower_bound":-0.007316195243636026,"upper_bound":-0.005237930038067828},"point_estimate":-0.00601883119462876,"standard_error":0.0005262791545068673}}