{"mean":{"confidence_interval":{"confidence_level":0.95,"lower_bound":207570954.6125,"upper_bound":207892950.525},"point_estimate":207727634.0,"standard_error":82026.5061552945},"median":{"confidence_interval":{"confidence_level":0.95,"lower_bound":207411100.0,"upper_bound":207778150.0},"point_estimate":207661850.0,"standard_error":92079.0867644487},"median_abs_dev":{"confidence_interval":{"confidence_level":0.95,"lower_bound":530993.1805729866,"upper_bound":877266.4505504044},"point_estimate":673804.6230375767,"standard_error":89651.56760477107},"slope":null,"std_dev":{"confidence_interval":{"confidence_level":0.95,"lower_bound":662480.9267473596,"upper_bound":967105.9130672537},"point_estimate":823271.3093396479,"standard_error":77816.97236164026}}